studentname,seatnumber,age,CSS,DAV,IVP,ML,SEPM,study_hour,total_marks,percentage,CGPA
Susan Miller,95822412,22,77,50,57,56,38,0.92,278,69.5,6.95
Sarah Jones,24942603,20,40,51,79,33,36,4.06,239,59.75,5.97
Heather Walters,13356886,21,37,80,79,66,41,0.1,303,75.75,7.58
Jonathan Snyder,46913810,20,34,64,80,70,56,2.78,304,76.0,7.6
Mr. Jeffrey Roach,42868828,22,63,57,41,75,64,2.68,300,75.0,7.5
Amber Ward,39958838,22,60,41,66,76,51,4.06,294,73.5,7.35
Chelsea Huynh,28728463,21,35,60,67,42,45,2.44,249,62.25000000000001,6.23
Kari Martinez,23756669,20,45,46,51,36,42,2.59,220,55.00000000000001,5.5
George Fischer,83197857,20,39,71,46,48,57,2.92,261,65.25,6.53
Francis Morrison,21668732,20,35,46,38,65,46,3.57,230,57.49999999999999,5.75
Robert Graham,89254563,22,75,51,65,68,74,3.95,333,83.25,8.32
Jonathan Williamson,66629388,20,65,79,68,36,35,0.62,283,70.75,7.08
Julie May,14265799,20,70,76,52,60,48,3.76,306,76.5,7.65
Jonathan Woods,13999315,22,36,45,66,55,79,4.83,281,70.25,7.03
Kevin Jones,22575562,21,63,59,54,45,71,4.49,292,73.0,7.3
Curtis Miles,39345092,20,40,44,73,45,61,0.9,263,65.75,6.58
Brenda Peters,41227216,20,49,59,43,73,80,3.0,304,76.0,7.6
Lori Garcia,77827638,20,35,42,34,45,54,0.9,210,52.5,5.25
William George,90801586,20,37,34,34,37,41,2.77,183,45.75,4.58
Diana Wood,13561597,22,52,51,67,54,50,4.0,274,68.5,6.85
Michael Bartlett,85329037,21,75,49,70,45,53,0.62,292,73.0,7.3
Holly Gomez,36687537,22,33,48,49,75,74,0.64,279,69.75,6.97
Cody Williams,97226012,20,39,72,48,63,35,1.03,257,64.25,6.42
Denise Smith,83140807,20,40,61,52,77,66,0.81,296,74.0,7.4
Nicholas Pearson,66306997,22,71,48,79,77,59,2.81,334,83.5,8.35
Dr. Steven Tate,39587039,20,46,56,60,62,74,4.26,298,74.5,7.45
Matthew Baker,70291817,21,70,70,65,71,51,0.18,327,81.75,8.18
Jordan Peterson,89089901,20,45,76,40,77,34,4.9,272,68.0,6.8
Seth Neal,47338124,22,44,74,79,54,47,2.53,298,74.5,7.45
Angel Maxwell,10872248,21,75,62,36,70,79,1.82,322,80.5,8.05
Jennifer House,31429110,20,55,38,56,69,54,2.72,272,68.0,6.8
Joseph Cox,66722344,20,34,33,49,54,54,2.12,224,56.00000000000001,5.6
Sydney Fernandez,55667651,21,38,63,73,72,48,4.73,294,73.5,7.35
John Brown,47295260,21,42,41,65,52,46,0.0,246,61.5,6.15
Louis Lee,30868105,20,80,53,55,59,67,1.5,314,78.5,7.85
Jillian Glover,38898923,22,50,77,40,54,36,4.73,257,64.25,6.42
Dr. Michael Miller,55176955,22,70,58,36,43,75,2.6,282,70.5,7.05
Holly Graham,23718431,20,55,76,74,39,48,3.91,292,73.0,7.3
Joy Hughes,22448136,20,55,46,40,62,76,3.3,279,69.75,6.97
Carl Scott,60992979,22,43,78,61,35,77,2.22,294,73.5,7.35
Thomas Francis,22981052,20,65,57,52,64,79,2.89,317,79.25,7.92
Steven Singleton,58181396,21,79,78,69,47,47,3.48,320,80.0,8.0
Christopher Wilson,56164955,20,72,60,80,33,71,2.61,316,79.0,7.9
Melanie Livingston,91030736,20,48,80,33,73,57,4.93,291,72.75,7.28
Brooke Whitaker,45503389,22,65,71,62,47,66,1.76,311,77.75,7.78
Angela Freeman,15831819,22,69,49,54,77,53,2.69,302,75.5,7.55
Donald Conner,71662963,20,37,37,48,47,44,1.05,213,53.25,5.33
Daniel Davis,81971316,21,39,39,80,62,61,0.5,281,70.25,7.03
James Acosta,26753883,20,70,68,70,72,73,4.1,353,88.25,8.82
Erica Sexton,60806024,22,33,36,69,46,33,1.19,217,54.25,5.42
Tina Herrera,20576383,20,66,36,78,48,37,0.94,265,66.25,6.62
Jordan Morgan,84093639,22,46,54,73,63,64,1.5,300,75.0,7.5
William Foster,49349722,22,78,48,75,80,37,4.16,318,79.5,7.95
Allison Harris,94374605,20,45,63,67,54,45,4.79,274,68.5,6.85
Kimberly Mcdonald,93016315,22,51,55,71,80,36,3.01,293,73.25,7.33
Amber Ramirez,58537831,20,43,71,47,57,73,1.08,291,72.75,7.28
Michael Duncan,87490893,22,67,75,55,46,42,1.8,285,71.25,7.12
Sandra Jones,35808537,20,33,71,52,58,46,0.64,260,65.0,6.5
Deborah Hansen,19335534,22,79,78,51,44,41,3.11,293,73.25,7.33
Melinda Beard,16150444,20,39,80,75,33,38,0.37,265,66.25,6.62
Blake Bryan,98753260,20,46,35,78,56,44,1.27,259,64.75,6.47
Ryan Barber,40587988,21,65,33,69,33,70,1.91,270,67.5,6.75
Douglas Ramos,48840994,22,78,49,76,37,68,4.52,308,77.0,7.7
Lynn Christensen,20709497,20,63,65,41,55,46,2.0,270,67.5,6.75
Patricia Wilson,41244663,20,56,72,78,34,48,0.42,288,72.0,7.2
Tracy Adams,23556182,20,77,57,57,68,65,1.27,324,81.0,8.1
Steven Krause,61019678,20,70,52,66,40,38,2.13,266,66.5,6.65
Michael Garcia,47308985,21,44,58,80,42,60,3.47,284,71.0,7.1
Anthony Peterson,70855700,20,61,75,48,51,79,2.68,314,78.5,7.85
Christopher Miller,95320121,20,76,56,39,61,62,0.35,294,73.5,7.35
Lisa Shaw,58966946,20,39,41,53,45,52,3.66,230,57.49999999999999,5.75
Bruce Moore,31831063,20,44,68,66,73,43,4.98,294,73.5,7.35
Jacob Barajas,59684848,21,55,35,70,70,79,3.48,309,77.25,7.72
Mr. Carl Knox,57683626,21,57,70,45,56,45,0.96,273,68.25,6.83
Mark Parsons,38119557,20,60,44,56,35,48,1.86,243,60.75000000000001,6.08
Anthony Bridges,99949389,22,46,49,62,34,60,3.29,251,62.74999999999999,6.27
Lori Wright,45833156,20,65,43,39,45,44,4.1,236,59.0,5.9
Catherine Hunt,96977837,22,47,65,42,45,71,3.02,270,67.5,6.75
Anna Bailey,19583482,21,59,64,78,51,48,2.1,300,75.0,7.5
Amy May,91756179,22,40,54,60,44,52,0.77,250,62.5,6.25
Emily Lopez,95225343,20,53,62,59,47,51,4.96,272,68.0,6.8
Rebecca Walton,32969840,21,40,41,38,49,69,2.17,237,59.25,5.92
Vincent Gardner,81691040,22,62,38,38,79,61,0.13,278,69.5,6.95
Carrie Spencer,42857966,22,40,53,36,44,73,3.02,246,61.5,6.15
Timothy Silva,31931511,20,66,78,60,54,45,0.39,303,75.75,7.58
Charlene Brown,72043515,20,41,66,41,68,50,0.62,266,66.5,6.65
Destiny Morales,60929647,20,64,60,63,48,63,0.55,298,74.5,7.45
Garrett Navarro,46231783,21,56,42,46,44,38,2.74,226,56.49999999999999,5.65
Jacqueline Kim,95899313,22,78,49,61,45,56,0.33,289,72.25,7.22
Anthony Everett,84752529,22,51,40,37,34,58,3.2,220,55.00000000000001,5.5
Thomas Jones,39476249,20,68,53,56,44,57,1.81,278,69.5,6.95
Gilbert Garza,53524491,20,79,35,76,49,43,1.67,282,70.5,7.05
Fernando Daugherty,17507864,20,35,41,66,39,63,1.37,244,61.0,6.1
Charles Griffin,40742311,21,38,64,58,34,61,4.34,255,63.74999999999999,6.37
Tyrone Herring,14308421,20,53,50,70,76,60,1.13,309,77.25,7.72
Bradley Patterson,52339391,21,64,80,68,41,65,0.05,318,79.5,7.95
Andrew Levy,63843426,20,40,56,66,57,72,1.89,291,72.75,7.28
Frank Ware,45935572,20,57,60,58,74,80,4.84,329,82.25,8.22
Kyle Jennings,18883684,22,51,51,49,40,60,1.89,251,62.74999999999999,6.27
Patrick Warren,38317637,20,62,49,70,54,42,0.53,277,69.25,6.92
Victor Roth,86125617,21,71,72,64,46,63,4.63,316,79.0,7.9
Raymond Montoya,52235350,21,80,49,73,52,34,0.88,288,72.0,7.2
Thomas Mckinney,38538251,22,52,66,60,62,57,3.64,297,74.25,7.42
Heather Ortiz,97971488,22,76,53,61,48,60,1.53,298,74.5,7.45
Paul Adams III,77005685,22,61,60,77,56,38,4.11,292,73.0,7.3
Hannah Mcdonald,63100814,20,47,43,64,56,52,2.45,262,65.5,6.55
Steven Mora,96282117,20,68,53,79,75,71,2.64,346,86.5,8.65
Robert Schmidt,71586053,21,59,80,59,43,67,3.5,308,77.0,7.7
William Jordan,29175900,22,51,64,43,66,42,4.33,266,66.5,6.65
Chelsea Russell,45551614,22,60,42,42,72,68,2.76,284,71.0,7.1
Jennifer Johnson,28740864,20,45,68,65,60,79,3.04,317,79.25,7.92
Shelby Hawkins,43101783,20,37,75,41,78,44,4.48,275,68.75,6.88
Roger Baker,85345555,21,63,73,64,37,49,0.85,286,71.5,7.15
Eric Scott,82340307,22,76,61,78,40,57,4.73,312,78.0,7.8
Brianna Torres,45264581,22,56,36,62,42,62,1.95,258,64.5,6.45
Jacob Chung,88461803,22,44,45,41,41,52,1.73,223,55.75,5.58
Christopher Garcia,67503414,20,33,42,78,45,62,3.71,260,65.0,6.5
Connie Gill,88320463,20,76,36,65,45,51,4.84,273,68.25,6.83
Edward Douglas,63606628,21,64,47,66,67,57,2.66,301,75.25,7.53
Troy Blake,58586340,22,76,44,40,57,68,2.97,285,71.25,7.12
Brandon Foster,39436733,20,39,35,77,77,71,4.25,299,74.75,7.47
John Whitaker,28566572,21,58,63,46,56,63,2.38,286,71.5,7.15
John Blake,78387461,22,61,49,62,53,37,0.64,262,65.5,6.55
Patricia Green,76238574,20,66,43,63,71,54,0.05,297,74.25,7.42
Lisa Watson,22201654,22,75,78,35,60,41,2.57,289,72.25,7.22
Joseph Watson,16323852,20,76,62,80,73,78,0.78,369,92.25,9.22
Victoria Bridges,24716857,20,38,60,43,48,63,0.63,252,63.0,6.3
Anne Carter,30514014,20,40,40,68,35,45,1.89,228,56.99999999999999,5.7
Evan Sparks,94214382,20,42,64,56,72,42,3.68,276,69.0,6.9
Lisa Warner,31472420,21,58,35,40,70,45,0.26,248,62.0,6.2
Gregory Hunt,66661351,22,58,61,71,45,33,3.63,268,67.0,6.7
David Perez,90048665,20,77,55,59,67,33,4.87,291,72.75,7.28
Melissa Marshall,18526544,20,70,78,40,51,65,3.54,304,76.0,7.6
Penny Smith,61642594,22,39,68,40,42,79,1.25,268,67.0,6.7
Lori Carroll,61220073,21,80,64,56,53,79,3.04,332,83.0,8.3
Robert Smith,89978790,20,43,62,69,48,56,3.53,278,69.5,6.95
Curtis Gordon,72820592,22,37,64,51,36,64,0.92,252,63.0,6.3
Christopher Mann,81016525,20,56,40,35,73,58,4.93,262,65.5,6.55
Donald Sellers,43744231,20,45,79,66,50,59,3.99,299,74.75,7.47
David Mack,84252722,20,54,42,42,41,58,2.51,237,59.25,5.92
Andrew Sims,11540956,20,45,40,40,65,80,1.38,270,67.5,6.75
Stephanie Duran,25374874,20,71,55,56,70,56,2.14,308,77.0,7.7
John Johnson,82070937,22,58,38,52,64,57,4.71,269,67.25,6.72
Jordan Schwartz,45812670,22,40,46,56,46,64,4.41,252,63.0,6.3
Daniel Flores,96028436,21,47,51,52,79,52,4.07,281,70.25,7.03
Angela West,55657579,20,60,44,51,38,74,1.53,267,66.75,6.67
William Anderson,24972279,20,79,43,64,63,70,4.29,319,79.75,7.97
Charles Johnson,49392920,20,64,80,34,75,37,4.74,290,72.5,7.25
Patricia Calderon,68353204,21,50,65,42,72,59,2.03,288,72.0,7.2
Gina Garcia,31227574,21,78,50,42,37,35,1.56,242,60.5,6.05
Melissa Fletcher MD,70897765,20,70,69,70,43,40,0.45,292,73.0,7.3
Brittney Gibson,10435578,20,70,75,59,65,57,0.4,326,81.5,8.15
David Farrell,45351479,22,50,70,36,57,69,3.65,282,70.5,7.05
Dr. Crystal Hicks,77187530,20,74,46,52,74,43,4.72,289,72.25,7.22
Kevin Bryan,33978249,20,58,70,51,65,45,0.83,289,72.25,7.22
John Wilson,78139880,20,55,33,46,56,60,0.29,250,62.5,6.25
Earl Smith,24282218,20,63,66,44,64,49,3.72,286,71.5,7.15
Emily Wilkinson,93926371,21,75,69,80,66,79,2.77,369,92.25,9.22
Mario Lee,50056581,21,71,44,64,62,55,2.46,296,74.0,7.4
Edward Wallace,95758349,22,58,59,33,44,65,4.37,259,64.75,6.47
Allison Harris,78137358,20,64,37,40,53,78,4.81,272,68.0,6.8
Jackie Baker,91734598,22,65,48,68,78,64,2.12,323,80.75,8.07
Joshua Love,36697396,21,50,64,55,56,73,2.54,298,74.5,7.45
Shannon Bentley,30513739,20,42,76,37,66,77,3.65,298,74.5,7.45
Linda Hood,60185867,21,62,39,35,77,56,2.4,269,67.25,6.72
Mr. Adrian Norman,31682744,21,39,54,59,63,77,2.58,292,73.0,7.3
Erin Morgan,82394227,22,40,34,63,78,36,4.99,251,62.74999999999999,6.27
David Flores,81182864,20,49,51,69,64,74,4.44,307,76.75,7.67
James Lee,10076758,21,64,76,52,63,57,3.49,312,78.0,7.8
Colton Morgan,90388981,20,64,76,69,50,60,2.03,319,79.75,7.97
Austin West,53507489,22,47,40,61,70,80,3.08,298,74.5,7.45
Shannon Solis,75579548,20,73,58,54,58,48,4.55,291,72.75,7.28
Jason Beard,12614124,22,41,56,57,73,48,3.73,275,68.75,6.88
Emily Turner,25014631,21,34,70,63,70,63,3.57,300,75.0,7.5
Mr. David Jacobson,58718453,20,39,39,79,74,35,3.51,266,66.5,6.65
Melanie Richardson,51273847,21,80,53,71,35,56,3.75,295,73.75,7.38
James Conner,42138745,21,36,42,41,46,73,1.22,238,59.5,5.95
Sarah Hendrix,17774584,21,37,34,41,47,78,3.69,237,59.25,5.92
Stephanie Lowe,42329237,21,64,38,65,45,76,4.75,288,72.0,7.2
Michael Williams,86149359,21,76,62,73,61,34,4.12,306,76.5,7.65
Chelsea Price,20570592,22,34,78,62,48,77,4.4,299,74.75,7.47
Scott Riley,21496211,21,44,75,61,58,75,2.64,313,78.25,7.83
Russell Haynes,75228535,22,57,63,75,46,74,3.05,315,78.75,7.88
Wyatt Wilson,19289546,21,71,62,61,52,42,3.04,288,72.0,7.2
Rebecca Miller,81498611,20,76,73,42,60,49,4.82,300,75.0,7.5
Charles Murray,26879290,20,53,50,79,57,71,3.37,310,77.5,7.75
Sarah Black,27232410,21,42,71,53,69,62,4.41,297,74.25,7.42
Tracy Diaz,98550256,21,52,75,38,43,76,2.62,284,71.0,7.1
Katherine Mitchell,73791320,20,72,33,72,56,42,1.13,275,68.75,6.88
Christopher Mitchell,83793389,20,72,54,75,49,49,0.38,299,74.75,7.47
Autumn Taylor,32162965,22,39,35,72,68,48,4.2,262,65.5,6.55
Phyllis Warner,45575298,20,37,74,59,38,71,2.57,279,69.75,6.97
Rebecca Guerra,80823176,20,75,72,57,41,70,4.76,315,78.75,7.88
Andrea Johnson,91415657,20,66,61,47,38,75,2.11,287,71.75,7.17
Jason Myers,66792612,22,64,53,58,51,43,1.9,269,67.25,6.72
Sean Gray,38427073,20,62,79,54,61,33,1.87,289,72.25,7.22
Austin James,82383095,22,45,79,67,66,40,0.57,297,74.25,7.42
Joseph Diaz,36998038,22,51,69,35,55,38,4.57,248,62.0,6.2
Molly Carlson,51837852,20,75,41,75,47,74,1.25,312,78.0,7.8
Michael Combs,63551839,22,64,46,61,70,78,2.7,319,79.75,7.97
Sue Daniel,97225156,20,64,36,80,35,57,3.83,272,68.0,6.8
James Riggs,60119651,22,65,74,50,62,58,0.59,309,77.25,7.72
Angela Sanchez,68800797,22,49,51,74,65,78,1.5,317,79.25,7.92
Johnny Reyes,79467853,20,67,53,38,72,70,1.47,300,75.0,7.5
Amy Martinez,70597444,20,54,36,43,54,38,1.07,225,56.25,5.62
Joshua White,26240908,22,67,80,78,60,66,3.69,351,87.75,8.78
Diane Hodges,43273328,20,67,37,34,61,45,2.84,244,61.0,6.1
Mark Graham,40158366,22,34,68,69,62,60,1.09,293,73.25,7.33
Julie Wong,18593410,22,35,71,73,60,43,1.52,282,70.5,7.05
Rick Williams,55377076,21,60,57,78,59,60,4.67,314,78.5,7.85
Elizabeth Wall,12823170,22,40,38,52,56,49,3.21,235,58.75,5.88
Christopher Novak,88961459,22,57,58,68,64,77,4.13,324,81.0,8.1
Matthew Bryant,84346088,22,61,49,74,53,52,0.18,289,72.25,7.22
James Fleming PhD,40885476,20,53,44,40,50,65,2.32,252,63.0,6.3
Alexis Nguyen,88979095,22,57,48,74,57,67,3.09,303,75.75,7.58
Gerald Carter,39557077,20,61,58,68,34,75,2.44,296,74.0,7.4
Dr. James Dunn,10965138,20,62,38,38,44,57,1.78,239,59.75,5.97
Amy Gibson,19528530,20,35,34,45,61,70,3.08,245,61.25000000000001,6.13
Yvonne Atkins,94705205,21,35,46,72,47,52,1.64,252,63.0,6.3
Adam Arroyo,17901903,21,44,43,67,49,79,1.77,282,70.5,7.05
Steve Williams,40728046,21,68,57,69,74,59,0.03,327,81.75,8.18
Jill Oneal,19046318,22,75,58,36,37,79,4.45,285,71.25,7.12
Emily Potter,14216175,22,52,51,69,55,38,0.93,265,66.25,6.62
Yolanda Walker,54349361,20,78,74,66,38,39,1.77,295,73.75,7.38
Leslie Williams,19510312,20,43,74,45,51,73,0.51,286,71.5,7.15
Megan Taylor,79008866,20,64,42,63,65,69,2.46,303,75.75,7.58
Madison Mcgee,41944441,22,60,40,65,65,55,0.42,285,71.25,7.12
Paul Bentley,47376585,21,41,52,34,67,42,2.57,236,59.0,5.9
Michael Reeves,99788677,22,52,64,40,74,50,0.77,280,70.0,7.0
Ashley Bryan,75151231,20,78,60,75,38,80,0.62,331,82.75,8.28
Leah Castro,38754377,20,57,80,67,50,46,2.44,300,75.0,7.5
Brian Novak,82374753,22,64,52,44,47,80,0.78,287,71.75,7.17
Samantha Castro,27758595,22,40,76,34,39,58,3.28,247,61.75000000000001,6.18
Brandon Webb,86644106,20,69,71,50,40,77,1.13,307,76.75,7.67
Benjamin Harrington,87337818,20,76,41,46,37,52,1.98,252,63.0,6.3
Michelle Sanders,73440831,20,64,55,48,56,33,1.5,256,64.0,6.4
Pamela Lee,42614537,22,75,75,78,35,43,2.14,306,76.5,7.65
Ronald Gay,73481353,20,68,39,70,67,64,0.91,308,77.0,7.7
Seth Hamilton,64634663,20,76,56,61,45,33,4.06,271,67.75,6.78
James Hardy,35556386,20,67,65,38,54,39,0.54,263,65.75,6.58
Aaron Jones,22660194,22,69,45,67,45,37,2.19,263,65.75,6.58
Amy Jackson,23009833,20,63,64,71,76,77,4.2,351,87.75,8.78
Andre Ray,98447167,20,63,61,53,54,59,0.81,290,72.5,7.25
Erica Randall,67854710,21,68,57,58,49,66,1.77,298,74.5,7.45
Rhonda Collins,57553014,22,43,63,70,52,59,2.17,287,71.75,7.17
Sandra Bell,66851760,22,65,50,35,80,74,1.8,304,76.0,7.6
Gerald Flores,65177213,20,36,69,64,76,51,4.35,296,74.0,7.4
Carol Gonzalez,72682989,22,58,71,34,50,79,0.99,292,73.0,7.3
Jeffrey Robbins,17270733,20,49,60,54,45,60,0.95,268,67.0,6.7
Rebecca Mcdonald,97705310,20,64,38,60,78,43,0.2,283,70.75,7.08
Scott Parker,96728778,20,70,60,44,71,44,1.97,289,72.25,7.22
Edward Ayala,23209423,20,57,56,59,41,56,3.72,269,67.25,6.72
Tracey Cook,18135295,20,72,72,34,78,44,4.5,300,75.0,7.5
Anthony Chavez,64038913,22,76,44,66,80,78,0.8,344,86.0,8.6
Kristin Scott,55540424,20,55,60,53,67,41,0.99,276,69.0,6.9
Theresa Swanson,24665841,20,51,73,57,49,45,2.4,275,68.75,6.88
Anthony Davis,43374088,20,53,60,49,33,64,3.33,259,64.75,6.47
Ashley Taylor,35714784,22,36,38,38,52,44,1.33,208,52.0,5.2
Erin Smith MD,35529407,22,34,35,40,51,65,2.11,225,56.25,5.62
Nina Kerr,81979055,20,70,65,39,55,40,2.75,269,67.25,6.72
Joe Bruce,70211891,21,35,54,67,58,61,4.0,275,68.75,6.88
William Nichols,28814949,20,41,62,43,58,69,3.57,273,68.25,6.83
Andrea Boone,66623995,22,56,76,51,70,46,1.62,299,74.75,7.47
Julian Burke,34627347,20,55,47,42,74,44,3.82,262,65.5,6.55
Justin Rodriguez,47385696,20,80,74,44,33,45,4.41,276,69.0,6.9
Chad Obrien,72092888,20,70,76,49,63,36,2.51,294,73.5,7.35
Kimberly Farrell,43528453,20,34,78,38,74,80,4.62,304,76.0,7.6
Linda Burton,20117988,22,73,42,42,65,44,4.22,266,66.5,6.65
Ralph Armstrong,69476001,20,54,64,52,42,45,1.94,257,64.25,6.42
Michael King,83863413,21,57,66,59,58,49,0.55,289,72.25,7.22
Isaac Trevino,23141087,21,39,73,76,47,59,0.54,294,73.5,7.35
Laura Rivera,16789850,21,60,74,43,47,61,0.11,285,71.25,7.12
Elizabeth Johnson,97529405,20,55,66,36,79,73,0.78,309,77.25,7.72
Stephanie Perkins,82556484,22,55,38,72,80,72,2.5,317,79.25,7.92
Cindy Smith,11980765,20,59,51,53,46,39,3.84,248,62.0,6.2
Michael Deleon,22517517,20,55,62,44,63,73,1.18,297,74.25,7.42
Amanda Smith,41726318,21,36,60,34,47,43,3.39,220,55.00000000000001,5.5
Mariah King,32321899,20,75,38,78,66,38,1.71,295,73.75,7.38
Lawrence Mitchell,64547971,22,48,63,36,70,51,4.88,268,67.0,6.7
Monica Webster,75181648,20,48,52,52,68,38,3.69,258,64.5,6.45
Paul Shepherd,74606833,20,48,42,57,62,57,2.17,266,66.5,6.65
Samantha Anderson,38688676,22,74,41,39,79,40,1.45,273,68.25,6.83
Denise Duffy,63826716,20,52,76,53,62,50,2.43,293,73.25,7.33
Mary Sullivan,17869910,20,70,52,42,54,37,3.8,255,63.74999999999999,6.37
Amber Drake,32097220,22,38,48,59,38,54,1.24,237,59.25,5.92
Zachary Hernandez,60864911,20,77,66,53,53,34,0.76,283,70.75,7.08
Colleen Scott,10289289,22,37,60,49,45,70,2.56,261,65.25,6.53
Victor Smith,62401521,20,52,51,57,60,48,1.25,268,67.0,6.7
Daniel Petersen,45594951,20,40,69,40,77,63,3.83,289,72.25,7.22
Daniel Ward,71070189,20,54,36,36,59,64,4.32,249,62.25000000000001,6.23
Eric Hall,48285503,20,43,68,45,46,76,4.97,278,69.5,6.95
Paul Vargas,66775103,21,34,37,48,61,39,1.24,219,54.75,5.47
Julia Smith,84593961,20,67,35,71,61,33,4.1,267,66.75,6.67
Wayne Haas,98834863,20,53,65,70,68,36,0.99,292,73.0,7.3
Terri Graham,75319931,22,35,39,48,34,50,3.53,206,51.5,5.15
James Calderon,30776478,20,62,65,64,56,33,4.05,280,70.0,7.0
Dr. Carlos Bowman,35487660,20,75,60,65,41,75,3.51,316,79.0,7.9
Jennifer Flores,49823450,20,60,59,65,69,70,2.51,323,80.75,8.07
Logan Kane,39219319,20,69,39,57,41,35,0.91,241,60.25,6.03
Gregory Silva,17849494,22,65,62,40,52,39,4.96,258,64.5,6.45
Lee Hickman,87736262,20,59,75,50,80,46,2.96,310,77.5,7.75
Scott Rogers,82772208,22,50,79,36,33,66,3.17,264,66.0,6.6
Derrick Bean,18181586,20,34,69,53,64,33,1.15,253,63.24999999999999,6.32
Heather Garner,52091325,22,77,49,62,75,57,0.66,320,80.0,8.0
Gary Kennedy,17672593,20,63,55,68,55,71,0.19,312,78.0,7.8
Stephen Schmidt,16729990,20,70,49,59,54,66,4.95,298,74.5,7.45
Katrina Hall,88406989,20,34,70,37,47,50,4.65,238,59.5,5.95
Crystal Carrillo,73993471,22,53,38,63,59,64,2.13,277,69.25,6.92
Taylor Harvey,77491435,20,57,65,34,60,63,3.08,279,69.75,6.97
Jenna Bryant,81286543,22,69,34,59,76,54,0.45,292,73.0,7.3
Carlos Hill,31130263,22,57,40,73,58,71,0.25,299,74.75,7.47
Amy Gonzales,17634247,20,53,80,47,77,60,2.04,317,79.25,7.92
Tiffany Kim,78159587,20,69,75,34,67,54,1.53,299,74.75,7.47
Stephen Davis,20752378,22,39,62,50,52,56,3.17,259,64.75,6.47
Donald Austin,34941004,20,64,44,68,53,76,1.16,305,76.25,7.62
Tiffany Smith,19196777,20,39,44,70,70,54,1.68,277,69.25,6.92
Terrence Meyer,89864260,20,77,58,76,34,53,2.4,298,74.5,7.45
Johnathan Miller,19121552,21,76,35,39,69,48,2.55,267,66.75,6.67
Duane Johnson,41568532,20,46,38,48,35,56,3.22,223,55.75,5.58
Tammy Brennan,64193837,22,54,59,68,41,75,1.52,297,74.25,7.42
Alisha Mccarty,26090908,20,64,78,74,42,58,1.35,316,79.0,7.9
Benjamin Monroe,86460539,20,65,52,41,54,57,1.4,269,67.25,6.72
Taylor Peterson,43046464,21,75,53,52,69,72,1.76,321,80.25,8.03
Robert Maldonado,87701200,20,54,70,69,73,36,2.09,302,75.5,7.55
Christina Williams,89795010,20,43,79,59,71,55,1.6,307,76.75,7.67
Jeremy Brown,15334035,21,72,62,61,71,54,0.24,320,80.0,8.0
Thomas Harper,93131979,20,52,75,38,69,39,0.2,273,68.25,6.83
Mia Kirby,21003626,20,56,61,73,58,33,0.26,281,70.25,7.03
David Johnston,66267415,22,60,72,65,57,62,3.72,316,79.0,7.9
Mariah Oneal,98231132,20,45,49,46,46,77,1.06,263,65.75,6.58
Billy Blankenship,88339168,20,64,54,42,58,58,2.36,276,69.0,6.9
Angela Clark,85863473,21,73,44,56,37,79,4.54,289,72.25,7.22
Melissa Hoover,80166708,20,37,46,67,67,41,0.5,258,64.5,6.45
Nicholas Garcia,52462441,21,67,44,43,57,34,0.92,245,61.25000000000001,6.13
Katherine Alvarado,44999379,22,46,38,48,45,71,4.74,248,62.0,6.2
Mckenzie Jenkins,37415205,21,51,80,67,63,40,1.82,301,75.25,7.53
Rachel Sanchez,99889098,22,49,71,60,39,66,1.52,285,71.25,7.12
Isabel Good,52169044,21,36,49,68,54,50,0.48,257,64.25,6.42
Amanda Lewis,42035886,20,52,76,61,69,77,0.07,335,83.75,8.38
Carla Green,45650176,20,69,39,35,61,48,2.76,252,63.0,6.3
Peter Smith,63121477,20,58,60,33,73,56,4.31,280,70.0,7.0
Karen Reeves,27566185,20,47,67,62,52,61,1.66,289,72.25,7.22
Andrew Dougherty,96637649,20,72,34,72,38,72,3.71,288,72.0,7.2
Tyler Park,50264926,20,80,33,51,43,76,1.81,283,70.75,7.08
Lisa Best,71367643,20,38,58,74,39,75,3.89,284,71.0,7.1
William Obrien,52436584,20,78,40,43,76,63,2.64,300,75.0,7.5
Christina Jackson,19736572,21,70,33,33,68,65,1.86,269,67.25,6.72
Jenna Vincent,11250299,20,39,43,36,44,59,3.25,221,55.25,5.53
Garrett Sanchez,71510041,20,70,74,63,35,75,1.05,317,79.25,7.92
Dawn Wagner,93370583,22,54,63,50,77,45,1.92,289,72.25,7.22
Michael Bartlett MD,85563727,20,50,62,71,71,33,4.44,287,71.75,7.17
Alyssa Taylor,23419256,22,37,77,49,64,73,0.65,300,75.0,7.5
Jacob Johnson,19832887,20,69,58,76,34,53,3.71,290,72.5,7.25
John Griffith,82160068,20,66,75,57,44,34,0.6,276,69.0,6.9
Brian Barrera,38609087,21,63,80,55,45,73,2.93,316,79.0,7.9
Jerry Cherry,77898694,22,60,71,73,37,56,4.56,297,74.25,7.42
Susan Hudson,45594597,21,46,79,46,57,35,3.27,263,65.75,6.58
Daniel Tate,27778019,21,55,64,70,51,80,0.95,320,80.0,8.0
Tracey Williams,56843172,21,37,52,65,46,53,3.52,253,63.24999999999999,6.32
Cassidy Gonzalez,19233013,20,74,72,51,47,76,4.63,320,80.0,8.0
Phillip Walker,42787299,20,52,72,35,51,61,0.37,271,67.75,6.78
Tyler Mercer,59597086,20,65,56,43,75,47,2.73,286,71.5,7.15
Thomas Black,48250360,21,52,77,80,66,71,1.71,346,86.5,8.65
Mrs. Donna Ruiz PhD,31172421,22,60,76,67,37,64,3.63,304,76.0,7.6
Susan Burch,68812137,22,75,77,69,62,58,4.95,341,85.25,8.53
David Jennings,82909480,21,67,76,37,36,80,1.01,296,74.0,7.4
Laura Mendez,50603163,22,53,58,52,56,72,3.6,291,72.75,7.28
Lee Moore,92097999,21,45,52,38,66,38,0.22,239,59.75,5.97
Melissa Hooper,97775215,20,59,38,58,33,55,0.96,243,60.75000000000001,6.08
Juan Hendrix,80993218,21,58,41,77,43,60,2.75,279,69.75,6.97
Lisa Santiago,11049999,20,49,41,40,53,63,1.26,246,61.5,6.15
Michael Garcia,99639081,21,72,33,41,59,75,4.39,280,70.0,7.0
Edward Gonzalez,84437458,20,65,45,79,58,77,4.27,324,81.0,8.1
Sean Brown,50181935,20,62,40,68,43,39,4.53,252,63.0,6.3
Jennifer Romero,99038526,22,75,34,50,40,79,4.88,278,69.5,6.95
Sarah Benson,23903144,20,68,77,60,41,57,4.47,303,75.75,7.58
Pamela Gonzales,28024248,22,44,45,46,67,51,2.24,253,63.24999999999999,6.32
Danielle Pierce,45496015,21,34,34,72,59,71,3.59,270,67.5,6.75
Kathleen Malone,25492573,22,73,46,65,63,45,4.55,292,73.0,7.3
Abigail Rosario,24366125,22,78,63,53,80,78,0.34,352,88.0,8.8
Tasha Thornton,84252420,22,66,74,76,37,42,2.1,295,73.75,7.38
Jonathan Taylor,30863865,22,44,42,54,57,66,4.66,263,65.75,6.58
Mr. Shawn Brown,46553958,21,69,74,73,46,69,2.52,331,82.75,8.28
Lance Young,47816686,21,64,48,49,41,78,0.11,280,70.0,7.0
David Singh,91178885,20,46,60,78,46,65,3.0,295,73.75,7.38
Cody Figueroa,38270233,22,75,73,61,52,35,3.48,296,74.0,7.4
Dana Donovan,56020613,22,80,67,50,60,41,0.64,298,74.5,7.45
Noah Raymond,37326368,20,62,45,48,78,64,0.23,297,74.25,7.42
David Miller,95125977,20,50,38,75,75,38,2.83,276,69.0,6.9
John Braun,45431319,21,73,52,53,63,52,3.97,293,73.25,7.33
Jon Davis,77834855,20,67,62,54,43,76,3.47,302,75.5,7.55
Mr. Keith Smith,75569635,20,72,42,46,71,68,3.7,299,74.75,7.47
Scott Padilla,43704923,20,60,63,62,69,62,1.99,316,79.0,7.9
Ann Campbell,16818112,22,69,60,71,52,43,3.42,295,73.75,7.38
Scott Schwartz,22388090,21,79,34,54,70,61,4.35,298,74.5,7.45
Jeremiah Chambers,95132217,20,73,40,34,45,40,4.86,232,57.99999999999999,5.8
Cynthia Jones,66851377,20,36,43,77,65,63,0.83,284,71.0,7.1
Paul Church,47135391,21,66,42,41,78,75,3.75,302,75.5,7.55
Mary Mora,15917225,20,45,80,74,76,67,1.92,342,85.5,8.55
Chris Lewis,10475894,22,56,77,33,62,48,3.9,276,69.0,6.9
Micheal Horn,54769200,20,62,61,71,50,48,2.0,292,73.0,7.3
Matthew Woodward,27558317,20,42,64,63,45,46,1.36,260,65.0,6.5
Madison Smith,95511909,20,48,63,33,33,43,0.92,220,55.00000000000001,5.5
Chris Mcdonald,45159040,20,42,34,33,42,75,0.8,226,56.49999999999999,5.65
Robert Lee,31687165,21,80,61,76,61,77,1.09,355,88.75,8.88
Juan Love,69302158,22,76,70,44,37,38,3.48,265,66.25,6.62
Rhonda Tran,84045292,21,52,48,59,58,39,4.4,256,64.0,6.4
Emily Burnett,67403166,20,60,45,68,71,60,3.95,304,76.0,7.6
Karen Doyle,85283645,20,59,51,77,48,78,2.28,313,78.25,7.83
Raymond Hernandez,11297845,20,53,69,78,66,34,3.54,300,75.0,7.5
Derrick Bridges,25015458,21,37,58,64,54,43,2.63,256,64.0,6.4
Isaac Herrera,20099059,21,73,36,58,69,53,1.52,289,72.25,7.22
Jason Rogers,30005727,20,46,54,67,64,57,1.1,288,72.0,7.2
Keith Hunter,83227889,21,59,33,38,62,50,3.54,242,60.5,6.05
Jeffery Barajas,14835614,20,50,39,74,62,47,2.76,272,68.0,6.8
Sarah Mercado,59555330,20,51,73,74,69,79,0.86,346,86.5,8.65
Jesse Riley,88183110,20,74,78,37,35,49,0.23,273,68.25,6.83
Megan Golden,84158663,22,43,60,67,80,75,1.19,325,81.25,8.12
Michael Mcdaniel,29876811,20,49,59,34,38,63,0.2,243,60.75000000000001,6.08
Donald Gonzalez,67684996,20,76,64,75,51,75,0.74,341,85.25,8.53
Valerie Martinez,27105448,20,71,80,61,74,40,4.42,326,81.5,8.15
Frank Hendrix,15614174,21,48,70,76,62,75,4.64,331,82.75,8.28
Megan Keller,51373735,20,58,71,40,55,41,1.35,265,66.25,6.62
Morgan Johnson,58942697,21,48,79,55,77,67,3.95,326,81.5,8.15
Jennifer Carter,15354599,20,40,68,57,78,73,3.21,316,79.0,7.9
Jonathan Fields,58024342,20,42,51,71,52,79,1.25,295,73.75,7.38
Tanya Simmons,38195995,21,45,35,55,58,64,4.12,257,64.25,6.42
James Walker,43491314,20,34,64,57,72,38,2.67,265,66.25,6.62
Christopher Smith,99514287,20,48,58,44,44,77,0.01,271,67.75,6.78
Amy Perez,23796726,20,52,64,77,59,54,1.74,306,76.5,7.65
John Morris,57469942,20,62,65,33,48,47,3.03,255,63.74999999999999,6.37
Jay Tate,85146293,20,64,70,40,44,69,1.85,287,71.75,7.17
Laurie Daniel,64543049,20,68,79,62,72,71,0.42,352,88.0,8.8
Marcia Turner,93303777,20,60,72,56,79,37,3.53,304,76.0,7.6
Francisco Glover,30743797,22,60,76,45,60,74,2.75,315,78.75,7.88
Todd Lee,41774346,20,74,64,61,62,54,3.61,315,78.75,7.88
Thomas Anderson,31810617,20,35,47,33,57,57,2.04,229,57.25,5.72
Wanda Jacobs,33763566,21,45,78,47,75,78,3.06,323,80.75,8.07
Brandy Smith,65337219,20,43,36,80,44,80,1.62,283,70.75,7.08
Tricia Chambers,13326769,22,50,66,34,77,80,0.29,307,76.75,7.67
Joseph Smith,34073380,22,41,34,50,69,79,4.08,273,68.25,6.83
Heather Mcgrath,54585178,20,34,60,76,39,57,4.12,266,66.5,6.65
Lindsey Garcia,65259205,22,49,69,78,58,74,1.1,328,82.0,8.2
Kevin Brown,99913412,20,50,53,55,77,74,4.83,309,77.25,7.72
Daniel Cox,43308443,20,75,68,45,35,68,0.88,291,72.75,7.28
Christopher Stone,45810056,22,68,37,38,48,60,4.86,251,62.74999999999999,6.27
Bruce Smith,31367172,22,44,50,72,43,47,2.69,256,64.0,6.4
Yvonne Zhang,24508349,21,74,74,73,50,47,4.89,318,79.5,7.95
David Nguyen,61343880,21,35,59,52,73,49,3.89,268,67.0,6.7
Michael Williams,15197528,21,79,63,78,67,40,3.9,327,81.75,8.18
Sydney Alvarado,73174945,20,64,40,47,51,51,0.53,253,63.24999999999999,6.32
Jonathan Lynch,39854548,20,34,64,47,75,38,3.73,258,64.5,6.45
Dale Ho,36786211,20,36,72,64,37,40,1.91,249,62.25000000000001,6.23
Joseph Hamilton,71780854,20,38,74,56,77,38,3.27,283,70.75,7.08
David Bishop,56930359,22,53,55,35,79,54,4.35,276,69.0,6.9
Kristina Wilson,50962024,21,71,61,50,79,80,3.17,341,85.25,8.53
Samuel Sullivan,40547349,22,52,77,64,46,70,2.75,309,77.25,7.72
Aaron Bridges,39920292,22,37,60,78,64,45,4.08,284,71.0,7.1
Joe Smith,13176186,20,59,34,78,59,80,1.1,310,77.5,7.75
Daniel Robinson,98588154,22,56,43,71,68,40,1.34,278,69.5,6.95
Laura Hale,35921441,20,75,51,46,40,69,2.91,281,70.25,7.03
Kelly Burton,63481198,21,75,79,33,56,56,4.04,299,74.75,7.47
Betty James,54058573,20,38,45,45,37,41,3.76,206,51.5,5.15
Christopher Bryant,47393469,20,58,63,73,39,53,0.78,286,71.5,7.15
Terri Smith,19317495,20,79,55,58,65,57,1.16,314,78.5,7.85
Kathryn Phillips,47463522,20,41,61,40,53,69,3.63,264,66.0,6.6
Cynthia Miller,57130035,20,48,47,50,59,80,1.84,284,71.0,7.1
Mrs. Carolyn Patterson,96098221,20,40,65,69,61,33,4.51,268,67.0,6.7
Michael Rodriguez,78371272,20,69,47,65,43,52,0.47,276,69.0,6.9
William Reeves,63643924,20,80,70,64,49,36,0.91,299,74.75,7.47
Timothy Harrell III,81969657,20,65,76,43,46,70,0.93,300,75.0,7.5
Tina Hernandez,54446182,22,40,54,68,65,67,4.31,294,73.5,7.35
Ms. Amber Hernandez,13704481,20,66,71,45,35,45,0.94,262,65.5,6.55
Nicholas Bryant,25480907,21,75,78,75,62,57,2.45,347,86.75,8.68
Patricia Duncan,45059710,22,70,75,80,34,60,3.65,319,79.75,7.97
April Clark,33966966,22,66,62,69,37,53,3.24,287,71.75,7.17
Cynthia Garcia,87925434,20,49,41,76,73,56,0.11,295,73.75,7.38
Cathy Mendoza,45630292,20,64,51,76,77,76,0.81,344,86.0,8.6
Samuel Wong,15134794,20,38,79,71,76,41,0.89,305,76.25,7.62
Shirley Chang,24549543,21,48,78,69,80,66,1.97,341,85.25,8.53
Tyrone Gross,90070438,22,71,57,44,62,75,3.04,309,77.25,7.72
Samantha King,68326160,21,40,59,37,57,71,0.35,264,66.0,6.6
Jerry Bryan,56397338,20,53,76,70,54,70,0.36,323,80.75,8.07
Lindsey Perry,52101056,22,54,74,41,80,47,1.23,296,74.0,7.4
Wanda Dixon,68571795,20,70,80,80,58,39,4.55,327,81.75,8.18
Johnny Barton,91363974,22,80,56,37,45,58,4.85,276,69.0,6.9
Thomas Hernandez,78642041,22,57,63,41,58,33,0.5,252,63.0,6.3
Olivia Williams,25521714,20,80,43,49,35,67,2.63,274,68.5,6.85
Rebecca Warner,61700055,22,80,72,69,33,62,3.63,316,79.0,7.9
David Bailey,87388337,21,48,46,47,49,53,4.04,243,60.75000000000001,6.08
Robert Guerra,35511941,21,60,51,66,40,42,3.02,259,64.75,6.47
Robert Smith,44188276,21,46,77,79,78,51,1.89,331,82.75,8.28
Justin White,15957459,22,42,80,50,41,47,0.1,260,65.0,6.5
Richard Daniels,68526649,21,39,38,45,53,64,4.13,239,59.75,5.97
Nancy Hernandez,10226999,20,44,75,76,75,76,3.82,346,86.5,8.65
Michael Carlson,79782527,20,46,63,34,80,62,3.22,285,71.25,7.12
Ashley Esparza,82269803,20,50,41,77,62,42,0.22,272,68.0,6.8
Anita Lynn,36445607,20,61,44,76,64,71,1.24,316,79.0,7.9
Melissa Walker,58884978,20,59,45,67,62,51,0.42,284,71.0,7.1
Stacey Campbell,67887757,20,49,43,72,37,42,0.71,243,60.75000000000001,6.08
Patricia Miller,19391725,20,70,71,49,38,80,3.14,308,77.0,7.7
Justin Jones,99152472,20,36,64,76,68,75,0.07,319,79.75,7.97
Jennifer Estrada,54318698,20,64,39,68,75,77,4.83,323,80.75,8.07
Shannon Nelson,93638503,20,67,59,62,48,35,4.79,271,67.75,6.78
Mark Johnson,52133044,22,56,64,33,78,71,0.53,302,75.5,7.55
Valerie Gibson,99038359,20,77,52,60,61,53,3.68,303,75.75,7.58
Debbie Wilson,26726926,22,40,48,74,41,52,1.69,255,63.74999999999999,6.37
William Harris,50308572,22,53,46,76,63,65,3.54,303,75.75,7.58
Jessica Smith,78064830,21,67,68,74,50,77,1.01,336,84.0,8.4
Emily Young,51511484,20,60,36,36,43,40,2.4,215,53.75,5.38
David Weeks,99508850,20,63,34,53,43,50,2.81,243,60.75000000000001,6.08
Tiffany Soto,64813568,21,76,55,60,34,78,2.22,303,75.75,7.58
Natalie Woods,53779528,22,48,49,59,71,69,0.82,296,74.0,7.4
Eric Phillips,64009265,22,50,55,50,39,63,1.66,257,64.25,6.42
Sean Harper,49682169,20,42,76,40,44,73,0.77,275,68.75,6.88
Kimberly Walls,84411983,22,56,43,76,51,46,0.28,272,68.0,6.8
Anna Holloway,27084279,21,63,44,66,40,64,3.46,277,69.25,6.92
Johnny Ball,35748341,20,78,65,62,67,51,3.14,323,80.75,8.07
Samuel Thomas,66431351,20,56,35,64,80,78,0.62,313,78.25,7.83
Kenneth Hutchinson,99245317,20,52,37,56,58,57,4.12,260,65.0,6.5
Jesse Smith,60888017,20,34,54,66,43,36,0.51,233,58.25,5.83
Cynthia Webb,33357554,20,74,60,35,37,54,1.48,260,65.0,6.5
Robert Carpenter,92613013,22,71,40,79,75,42,2.56,307,76.75,7.67
Donna Williams,86384014,20,35,72,47,33,78,4.18,265,66.25,6.62
Evelyn Acosta,50392808,21,80,47,36,76,46,0.71,285,71.25,7.12
Alexander Gill,64502486,20,75,40,50,50,79,4.56,294,73.5,7.35
Gary Pena,83542887,20,36,68,59,42,47,0.12,252,63.0,6.3
Paul Clark,10054484,20,77,47,67,61,77,2.14,329,82.25,8.22
Courtney Alvarez,50785405,20,75,64,61,55,80,0.74,335,83.75,8.38
Catherine Willis,48508907,20,48,49,53,44,36,3.28,230,57.49999999999999,5.75
Abigail Carpenter,38210242,20,49,54,33,46,44,1.13,226,56.49999999999999,5.65
Vanessa Bryan,67698610,20,68,55,58,78,64,4.39,323,80.75,8.07
Kenneth Raymond,87844239,20,57,35,45,35,79,1.92,251,62.74999999999999,6.27
Adam Martin,91424737,20,52,68,54,76,58,4.42,308,77.0,7.7
Robert James,97873101,20,73,50,38,67,52,4.11,280,70.0,7.0
Eric Hughes,53251559,20,77,42,69,46,75,0.56,309,77.25,7.72
Dr. Donna Harris,72409658,21,56,77,34,61,43,0.85,271,67.75,6.78
Justin Schroeder,69295515,22,76,65,80,77,34,0.55,332,83.0,8.3
Timothy Simpson,69345683,21,40,71,47,36,68,0.51,262,65.5,6.55
Kimberly Woods,38682516,20,67,75,77,73,58,4.78,350,87.5,8.75
Edward Farmer,78608612,20,48,39,60,66,54,1.79,267,66.75,6.67
Vincent Wall,73509974,21,61,78,37,74,60,3.08,310,77.5,7.75
Amy Richardson,32775593,20,57,36,48,75,76,0.59,292,73.0,7.3
Kimberly Forbes,98429450,21,33,61,45,78,63,4.62,280,70.0,7.0
Sarah Gonzalez,21381064,21,58,62,43,75,55,4.6,293,73.25,7.33
Sean Moore,48089166,22,49,40,54,39,58,4.48,240,60.0,6.0
Brooke Barker,79182797,22,52,39,52,57,58,3.02,258,64.5,6.45
David Gonzalez,99100953,20,38,72,37,77,37,0.89,261,65.25,6.53
Thomas Clarke,94951883,21,48,72,73,52,66,2.65,311,77.75,7.78
Ebony Alexander,93115778,20,52,39,73,61,79,3.0,304,76.0,7.6
Nathan Montes,54988206,20,46,68,39,36,51,3.4,240,60.0,6.0
Ashley Beck,22534217,22,43,35,34,71,51,0.75,234,58.5,5.85
Tina Robles,41523529,21,61,65,63,33,77,3.34,299,74.75,7.47
Richard Vaughn,51663795,20,73,39,60,36,45,1.51,253,63.24999999999999,6.32
Morgan Duncan,40150759,21,53,43,34,57,77,4.09,264,66.0,6.6
Cody Leon,36726767,22,74,73,70,45,68,1.74,330,82.5,8.25
Michael Stanley,29777514,20,59,40,73,48,58,0.52,278,69.5,6.95
Dr. Charles Lynn,13278320,20,35,46,54,56,39,4.58,230,57.49999999999999,5.75
Jose Jones,16202700,22,50,56,49,48,41,3.31,244,61.0,6.1
Ronald Martinez,42862209,22,38,43,48,45,53,4.66,227,56.75,5.67
Melanie Roberts,73771720,21,64,79,39,38,70,4.05,290,72.5,7.25
Carl Cook,92043803,22,63,51,63,34,36,3.56,247,61.75000000000001,6.18
Maria Kaiser,19774839,21,80,78,48,59,78,0.38,343,85.75,8.57
Denise Ferguson,71124923,21,59,61,54,34,52,0.01,260,65.0,6.5
Lauren Moore,65625330,20,54,65,36,33,62,4.67,250,62.5,6.25
Joshua Underwood,94525678,21,78,64,54,54,74,0.74,324,81.0,8.1
John Cruz,87265240,20,60,79,66,45,43,3.28,293,73.25,7.33
John Young,36096655,20,39,39,48,76,69,1.6,271,67.75,6.78
Robert Moore,61536717,20,43,42,37,75,41,1.95,238,59.5,5.95
Nathan Grant,76354180,20,77,74,71,37,61,3.61,320,80.0,8.0
Renee Olson,63640499,20,49,56,72,47,77,3.93,301,75.25,7.53
Angela Cook,42747037,22,65,54,61,39,63,2.39,282,70.5,7.05
Hunter Bryant,29806690,20,37,41,39,75,51,0.34,243,60.75000000000001,6.08
Kelly Wolf,98054615,20,55,40,73,43,42,2.89,253,63.24999999999999,6.32
Jackson Taylor,10744212,20,59,45,61,79,46,4.8,290,72.5,7.25
John Fitzgerald,24305904,20,71,61,70,43,46,1.39,291,72.75,7.28
Emily Moses,67062156,22,79,59,40,35,80,0.45,293,73.25,7.33
Desiree Smith,39372360,20,68,33,38,59,45,4.97,243,60.75000000000001,6.08
Melinda Pacheco,33607110,22,80,48,36,65,80,0.91,309,77.25,7.72
Frances Johnson,79519112,22,53,63,35,39,74,1.93,264,66.0,6.6
Lori Bradford,72350830,22,62,54,57,53,33,1.6,259,64.75,6.47
James Collins,16740197,20,77,51,53,53,56,2.12,290,72.5,7.25
William Porter,84813739,20,34,65,77,68,79,3.47,323,80.75,8.07
David Manning,43446826,22,36,43,37,73,69,2.07,258,64.5,6.45
Barbara Smith,26288475,20,74,38,41,45,39,3.97,237,59.25,5.92
Leslie Alexander,71265269,20,74,50,36,72,76,1.67,308,77.0,7.7
William Chavez,27896471,20,44,56,61,46,42,4.01,249,62.25000000000001,6.23
Cathy Chapman,72363359,22,73,78,36,67,57,3.27,311,77.75,7.78
Maria Tucker,99600766,22,61,59,52,58,60,1.23,290,72.5,7.25
Michael Gallagher,81287314,22,74,56,72,60,76,2.09,338,84.5,8.45
Darryl Silva,85017682,20,41,73,73,40,43,2.49,270,67.5,6.75
Courtney Torres,89920257,20,33,75,60,47,36,2.67,251,62.74999999999999,6.27
Susan Clark,52587010,20,58,48,37,46,39,2.66,228,56.99999999999999,5.7
Lisa Davenport,69401199,21,45,42,39,39,55,4.11,220,55.00000000000001,5.5
Tara Williamson,92228802,20,73,66,76,55,63,1.92,333,83.25,8.32
Jose Garcia,77750178,20,52,59,36,53,44,2.9,244,61.0,6.1
Gary Anderson,67276174,20,53,47,68,44,36,2.11,248,62.0,6.2
Maria Jennings,83534128,22,69,41,36,33,40,2.89,219,54.75,5.47
Logan Pitts,69849511,20,38,60,51,58,65,3.47,272,68.0,6.8
Sherri Yu,31361812,20,40,59,57,74,74,3.74,304,76.0,7.6
Christina Smith,73709724,20,43,59,58,53,54,3.52,267,66.75,6.67
Mary Taylor,70407340,22,48,62,39,33,70,1.18,252,63.0,6.3
Maria Baker,44788100,20,66,66,72,57,60,0.01,321,80.25,8.03
Patrick Bailey,43183955,22,78,76,59,46,42,4.97,301,75.25,7.53
Jennifer Young,95585469,20,74,56,47,62,73,0.09,312,78.0,7.8
Gregory Harrison,47220099,22,41,34,71,47,79,2.79,272,68.0,6.8
Madison Phillips,79967676,22,71,61,75,37,58,4.79,302,75.5,7.55
Juan Martinez,75041510,20,76,42,72,75,48,4.6,313,78.25,7.83
Joshua Wagner,94120751,20,59,33,33,50,35,0.3,210,52.5,5.25
Dr. Laura Gonzales,42111036,20,53,78,62,74,40,1.75,307,76.75,7.67
Adam Richard,46855845,20,61,66,57,72,48,4.24,304,76.0,7.6
Kim Shepherd,69038700,22,63,37,62,56,58,4.33,276,69.0,6.9
Kristin Jennings,20399639,22,80,38,60,35,64,4.1,277,69.25,6.92
Jesus Smith,48349783,22,41,54,72,37,52,1.47,256,64.0,6.4
Derek Clark,41473195,20,49,53,72,46,77,0.72,297,74.25,7.42
Matthew Summers,46468984,20,44,58,39,59,71,4.27,271,67.75,6.78
Jacob Wood,55076693,21,76,43,54,52,44,4.86,269,67.25,6.72
Bryan George,52910691,22,70,60,74,71,74,4.56,349,87.25,8.72
Danielle Graham,82498004,21,53,36,76,64,80,1.21,309,77.25,7.72
Tiffany Callahan,20814950,20,51,58,34,39,57,4.14,239,59.75,5.97
Kimberly Thomas,28572252,22,45,35,62,78,77,0.28,297,74.25,7.42
Brooke Wilkins,30244148,22,38,75,66,67,75,0.69,321,80.25,8.03
Erin Hill,41039390,20,59,74,54,69,75,4.81,331,82.75,8.28
Calvin Shelton,61410126,22,56,42,70,43,38,3.52,249,62.25000000000001,6.23
Meghan Martinez,30509175,20,44,69,45,49,62,1.89,269,67.25,6.72
David Randolph,38716269,22,58,36,39,39,74,0.13,246,61.5,6.15
Sarah Little,18620650,20,57,73,39,71,57,4.82,297,74.25,7.42
Tammy Gilbert,65682626,20,69,78,33,53,50,1.86,283,70.75,7.08
Joshua Brown,64707061,22,47,75,71,73,73,3.51,339,84.75,8.47
Micheal Carter,54410148,20,34,66,78,77,74,3.31,329,82.25,8.22
Tammy Mcgee,82828034,20,34,51,37,57,61,0.37,240,60.0,6.0
Jillian Brown,72535301,20,68,59,70,76,56,4.19,329,82.25,8.22
Amy Galloway,65804273,20,74,58,45,77,33,4.35,287,71.75,7.17
Hannah Carr,18357162,20,72,76,69,41,40,0.15,298,74.5,7.45
Dale Clark,37760841,20,73,77,41,54,40,1.83,285,71.25,7.12
Katie Mason,66390708,20,47,68,73,44,38,0.39,270,67.5,6.75
Amber White MD,62274692,22,38,52,65,73,40,0.39,268,67.0,6.7
Hannah Kennedy,88393811,20,62,79,49,77,64,2.85,331,82.75,8.28
Katherine Young,12621534,20,45,80,55,53,74,4.07,307,76.75,7.67
James Reeves,87267850,22,49,53,59,75,75,0.75,311,77.75,7.78
Donald Steele,61053877,22,77,55,63,63,65,0.91,323,80.75,8.07
Brandon Malone,74019136,21,43,33,79,37,47,3.72,239,59.75,5.97
Anna Clarke,10791358,22,36,50,72,54,34,3.74,246,61.5,6.15
Taylor Cooper,57212267,20,58,66,61,34,70,3.49,289,72.25,7.22
Stephen Mason,50079111,20,72,72,44,71,69,1.5,328,82.0,8.2
Steven Torres,62343121,22,60,42,48,70,69,2.06,289,72.25,7.22
Timothy Marshall,66240084,21,71,77,41,61,63,1.69,313,78.25,7.83
Nicole Brady,82238741,20,49,58,35,57,50,3.91,249,62.25000000000001,6.23
Nathaniel Baker,83300637,21,42,61,36,65,77,3.48,281,70.25,7.03
Lynn Miller,90967191,20,38,74,41,73,80,1.43,306,76.5,7.65
Jennifer Robinson,39600202,20,56,46,52,80,39,0.78,273,68.25,6.83
Danielle Davis,75529051,20,43,67,70,47,70,4.41,297,74.25,7.42
Rachel Rodriguez,39450273,20,69,72,60,65,44,0.16,310,77.5,7.75
Tracy Holt,46632757,22,40,72,65,70,57,3.76,304,76.0,7.6
Charles Lawrence,68496914,20,33,74,74,78,63,2.52,322,80.5,8.05
Elizabeth Johnson,75181765,21,78,61,55,33,74,0.05,301,75.25,7.53
Brianna Pratt,13895645,20,66,77,52,47,77,4.16,319,79.75,7.97
Natasha Evans,62191530,20,60,55,70,34,60,3.4,279,69.75,6.97
Jennifer Montoya,55114543,20,62,74,67,72,52,4.38,327,81.75,8.18
David Wade,99774697,20,76,58,42,40,69,2.77,285,71.25,7.12
Isaac Duarte,64266464,20,64,45,42,52,41,4.15,244,61.0,6.1
Travis Wood,32151928,20,40,52,63,48,39,4.6,242,60.5,6.05
Taylor Mejia MD,72732043,22,47,38,52,80,53,2.51,270,67.5,6.75
Yolanda Gardner,27129912,20,78,35,71,60,37,3.55,281,70.25,7.03
Jennifer Winters,93517915,20,46,67,54,48,78,2.12,293,73.25,7.33
Sara Johnson,81688860,22,45,54,51,72,67,0.78,289,72.25,7.22
Alexander Perez,13619375,21,73,73,61,70,23,4.87,300,75.0,7.5
Andrea Gray,62884503,20,31,30,45,51,32,2.61,189,47.25,4.72
Sarah Rowe,89442503,20,41,60,5,33,37,4.89,176,44.0,4.4
Andrea Harris,85751409,20,48,38,26,10,59,0.63,181,45.25,4.53
Emily Tucker,98986321,20,35,10,62,51,9,1.06,167,41.75,4.17
Luis Phillips,13637575,20,50,50,31,64,58,3.1,253,63.24999999999999,6.32
Vincent Sanchez,21267237,21,46,4,8,55,35,1.09,148,37.0,3.7
Alyssa Bruce,96268397,20,14,64,33,16,54,0.92,181,45.25,4.53
Jessica Espinoza,67527432,20,72,73,47,17,41,3.73,250,62.5,6.25
Rachel Gross,28213276,21,25,66,29,61,32,2.8,213,53.25,5.33
Antonio Garcia,71968116,20,75,73,5,71,20,4.21,244,61.0,6.1
Krystal Johnston,34391257,22,69,79,26,25,9,4.08,208,52.0,5.2
Barry Reed,16749089,20,23,18,66,62,35,2.34,204,51.0,5.1
James Smith,44917589,20,70,15,46,50,7,1.57,188,47.0,4.7
Brittany Johnson,60882459,20,3,57,49,73,48,3.21,230,57.49999999999999,5.75
George Wood,53936531,22,59,22,22,25,49,4.14,177,44.25,4.42
Chase Webb,38408562,21,26,21,58,71,42,0.82,218,54.50000000000001,5.45
Elizabeth Pham,71028710,20,56,27,5,78,7,4.02,173,43.25,4.33
Brenda Gomez,53868501,20,37,24,5,67,33,3.23,166,41.5,4.15
Steven Noble,55298556,21,8,16,41,31,33,0.97,129,32.25,3.23
Elizabeth Andrews,60885459,22,52,5,13,31,22,0.54,123,30.75,3.08
Angela Martin,47346970,20,63,54,66,9,56,0.39,248,62.0,6.2
Shannon Rodriguez,66581473,20,17,10,35,34,8,3.02,104,26.0,2.6
Ryan Miller,43859311,22,38,55,33,55,62,4.23,243,60.75000000000001,6.08
Michelle Flores,20993268,20,30,25,74,41,25,0.14,195,48.75,4.88
Gina Clay,73123515,21,32,80,69,73,78,1.41,332,83.0,8.3
James Hendricks,12601580,21,19,18,72,11,50,2.71,170,42.5,4.25
Barbara Bryant,82399599,22,25,76,22,14,22,0.33,159,39.75,3.98
Mark Turner,16990811,21,48,33,48,52,7,2.99,188,47.0,4.7
Melinda Acosta,56970882,20,9,40,48,54,13,3.78,164,41.0,4.1
David Sims,40094589,20,57,8,46,46,18,1.55,175,43.75,4.38
Veronica George,97260863,20,76,11,75,44,69,2.76,275,68.75,6.88
Sharon Kennedy,19209801,22,61,49,9,24,55,3.19,198,49.5,4.95
Thomas Butler,97477029,20,74,71,66,41,27,0.16,279,69.75,6.97
Gregory Burton,15403355,22,51,50,32,44,78,1.35,255,63.74999999999999,6.37
Yolanda Nelson,14164775,20,68,70,6,76,13,4.88,233,58.25,5.83
Kayla Ramirez,43189803,21,64,41,28,3,56,2.82,192,48.0,4.8
Joseph Yates,36757737,21,53,35,66,39,33,2.82,226,56.49999999999999,5.65
Joseph Stevens,12735359,22,69,66,51,21,13,3.95,220,55.00000000000001,5.5
Cynthia Schwartz,93394260,20,4,58,45,44,4,0.23,155,38.75,3.88
Gregory Flores,30452412,22,46,1,44,78,9,1.57,178,44.5,4.45
Jennifer Rocha,42016960,20,68,79,8,56,9,4.72,220,55.00000000000001,5.5
Diana Ramirez,26941092,20,76,75,61,79,73,0.04,364,91.0,9.1
Jeremy Johnson,73560289,20,10,66,77,18,32,1.78,203,50.74999999999999,5.07
Michelle Bird,99853245,20,13,53,0,56,57,1.41,179,44.75,4.47
Mark Baker,25353091,20,31,14,64,5,2,1.99,116,28.999999999999996,2.9
Alicia Snyder,85694715,22,45,53,17,29,63,0.97,207,51.74999999999999,5.17
Kayla Bryant,39254705,20,21,31,56,25,19,3.76,152,38.0,3.8
Brian Munoz,72415804,22,78,18,21,47,13,3.63,177,44.25,4.42
James Smith,44392446,20,5,72,29,19,4,4.87,129,32.25,3.23
Kathryn Johnson,59512272,20,72,75,9,10,49,3.51,215,53.75,5.38
Kyle Brooks,32520277,22,51,74,65,14,34,0.49,238,59.5,5.95
Misty Lawson,91321540,20,42,12,35,6,19,2.04,114,28.499999999999996,2.85
Penny Rodriguez,91503378,20,55,13,27,31,42,3.71,168,42.0,4.2
Anthony Brown,25372341,22,4,72,19,1,50,0.51,146,36.5,3.65
Elizabeth Anderson,31980274,22,1,12,23,18,73,4.04,127,31.75,3.17
Anthony Cameron,51746937,20,12,36,20,36,0,0.75,104,26.0,2.6
Jake Garrett,24508768,20,33,68,46,1,65,2.94,213,53.25,5.33
Tracy Meyer,87669750,20,28,44,77,43,62,1.91,254,63.5,6.35
Bradley Spencer,13446499,22,65,52,15,14,61,2.93,207,51.74999999999999,5.17
Patricia Glass,51870192,22,66,33,29,39,55,4.26,222,55.50000000000001,5.55
Claudia Chung,87282128,22,71,49,53,57,8,1.45,238,59.5,5.95
Mr. Christopher Green,60372847,20,74,62,42,60,18,0.76,256,64.0,6.4
Mr. James Porter,63238057,22,73,73,14,2,69,2.32,231,57.75,5.78
Grace Santana,36619372,20,28,77,61,42,28,4.43,236,59.0,5.9
Philip Coleman,20200074,20,57,60,61,26,0,0.47,204,51.0,5.1
Donald Jordan,89470029,22,47,4,61,68,49,3.59,229,57.25,5.72
Brianna Barton,94187049,20,50,22,26,27,61,4.42,186,46.5,4.65
Debbie Rivas,42594692,22,59,35,75,26,15,4.04,210,52.5,5.25
Jared Cordova,23676961,21,75,51,20,69,72,3.27,287,71.75,7.17
Mrs. Lisa Thomas MD,50477742,20,64,18,52,66,68,3.84,268,67.0,6.7
Philip Boyer,90585882,21,19,79,2,33,45,0.81,178,44.5,4.45
Cynthia Farrell,26247735,22,44,77,31,70,42,4.82,264,66.0,6.6
Angela Patrick,85958181,20,3,51,5,61,38,2.58,158,39.5,3.95
Roger Black,15512205,20,61,4,16,79,51,3.64,211,52.75,5.28
Cameron Greer,56600900,20,13,50,73,18,7,3.26,161,40.25,4.03
Austin David,81503856,21,37,42,75,2,80,4.65,236,59.0,5.9
Jessica Benson,67495923,20,53,30,20,48,11,1.71,162,40.5,4.05
Terry Long,98787891,21,10,6,17,74,46,3.93,153,38.25,3.83
Erin Marshall,59737181,20,14,60,80,67,68,1.7,289,72.25,7.22
Michael Casey,19255216,21,18,34,65,5,43,1.8,165,41.25,4.12
Sarah Johnson,77908907,20,44,47,5,32,10,4.28,138,34.5,3.45
Timothy Anderson,96911784,20,39,2,73,21,58,2.15,193,48.25,4.83
Jennifer Mclaughlin,55799273,22,43,43,18,7,37,4.45,148,37.0,3.7
Joel Banks,11698142,20,58,38,7,36,25,3.87,164,41.0,4.1
Robin Johnson,66379329,22,26,39,21,25,22,1.94,133,33.25,3.33
Joshua Garcia,75793759,20,66,35,33,79,70,1.04,283,70.75,7.08
Nathan Colon,24165187,22,23,62,23,34,5,3.05,147,36.75,3.67
Melanie Hoffman,68186525,22,44,12,66,6,49,0.37,177,44.25,4.42
Todd Thomas,58612055,20,60,29,51,59,24,0.76,223,55.75,5.58
Joseph Bowen,95306788,21,12,17,76,1,38,3.14,144,36.0,3.6
Samantha Dean,71705170,20,56,38,72,8,49,2.49,223,55.75,5.58
Carolyn Perry,30534124,22,57,56,2,49,13,4.02,177,44.25,4.42
Anthony Callahan,68450095,21,40,41,36,34,80,0.71,231,57.75,5.78
Thomas Morales,33640702,22,8,34,10,46,45,4.35,143,35.75,3.58
Anita Nolan,80027662,20,38,53,27,13,62,2.74,193,48.25,4.83
Brian Lloyd,97302916,21,14,77,57,2,10,4.84,160,40.0,4.0
Courtney Richardson,46249845,22,14,11,77,37,80,3.91,219,54.75,5.47
Nicole Thomas,92666356,20,2,24,60,49,56,0.44,191,47.75,4.78
Emma Medina,82232344,20,43,56,61,29,24,0.47,213,53.25,5.33
Michael Ward,74893936,22,13,27,21,48,17,1.57,126,31.5,3.15
Peter Gross,72394301,20,21,52,28,65,4,4.67,170,42.5,4.25
Jill Velez,68461818,20,31,62,52,12,24,0.81,181,45.25,4.53
Julie Anderson,89520597,21,66,66,76,40,3,1.4,251,62.74999999999999,6.27
Phyllis Jones,46023439,21,22,47,18,62,75,1.82,224,56.00000000000001,5.6
Gary Campbell,53258988,21,70,20,74,76,30,0.45,270,67.5,6.75
Brittney Wright,42949803,22,20,65,23,68,62,0.9,238,59.5,5.95
Nancy Aguilar,21631697,20,42,20,79,11,49,3.86,201,50.24999999999999,5.02
Jorge Bell,47437115,22,71,8,65,23,8,1.29,175,43.75,4.38
April Rocha,70505620,21,54,39,33,25,69,2.37,220,55.00000000000001,5.5
Justin Lopez,42730796,20,59,64,21,64,39,1.28,247,61.75000000000001,6.18
Kayla Castillo,72372114,20,29,51,43,58,63,4.38,244,61.0,6.1
Danny Barrera,86483924,21,51,17,58,71,68,3.25,265,66.25,6.62
Jenny Mclaughlin,91917334,20,80,67,76,2,57,0.7,282,70.5,7.05
Linda Anderson,99682738,20,23,72,75,5,2,0.62,177,44.25,4.42
Rachel Doyle,60867083,21,23,3,8,31,4,2.84,69,17.25,1.73
Sarah Brown,55150390,20,55,22,29,67,43,0.2,216,54.0,5.4
Kenneth Sims,13852048,20,10,24,48,39,7,4.3,128,32.0,3.2
Michael Wright,76344695,21,3,25,49,42,43,2.0,162,40.5,4.05
Michael Benson,53622663,20,78,7,16,62,5,4.29,168,42.0,4.2
Daniel Phillips,34406132,20,25,31,13,50,51,4.59,170,42.5,4.25
Samuel Small,75437844,20,57,4,2,20,15,0.64,98,24.5,2.45
Claudia Simpson,38470244,22,9,58,25,2,27,1.83,121,30.25,3.02
Holly Clarke,57623800,20,54,6,66,44,66,4.22,236,59.0,5.9
Gina Wilson,44675473,22,49,25,64,45,58,4.76,241,60.25,6.03
Dillon Goodman,55679506,20,0,25,53,45,68,1.87,191,47.75,4.78
Lindsey Haynes,47535126,20,27,35,19,80,19,3.41,180,45.0,4.5
Paige Payne,90014570,22,26,47,77,38,74,2.53,262,65.5,6.55
Michael Anderson,47080140,20,35,59,12,30,29,1.31,165,41.25,4.12
Alexandra Morris,84597009,22,8,64,22,64,9,4.38,167,41.75,4.17
Julia Lara,11362459,20,73,50,60,35,4,3.41,222,55.50000000000001,5.55
Mr. Eric Robinson,79340535,20,13,15,78,7,18,3.1,131,32.75,3.27
William Collins,35643159,21,68,3,76,80,62,3.22,289,72.25,7.22
Christina Andrews,21490777,22,23,30,4,32,2,3.71,91,22.75,2.27
Dawn Gibson,42394260,20,46,47,12,49,60,1.22,214,53.5,5.35
Christopher Conner,64549859,20,41,62,64,3,79,4.11,249,62.25000000000001,6.23
Lauren Burns,75575808,20,25,76,15,71,5,0.04,192,48.0,4.8
Amy Walker,84514489,20,58,57,11,35,31,4.27,192,48.0,4.8
Michael Gutierrez,42255732,22,14,22,61,28,16,1.45,141,35.25,3.52
Marissa Castaneda,73900135,22,33,60,16,19,1,0.79,129,32.25,3.23
Kimberly Hudson,96691619,21,21,75,77,43,22,2.0,238,59.5,5.95
Christina Holder,75876924,22,67,70,69,50,80,0.36,336,84.0,8.4
Patricia Compton,70152969,21,40,44,14,17,6,1.94,121,30.25,3.02
John Lopez,12314351,22,76,44,55,11,39,2.31,225,56.25,5.62
Amber Velasquez,22489409,20,49,20,66,48,12,0.47,195,48.75,4.88
Heather Bailey,49491631,20,78,33,53,66,58,2.33,288,72.0,7.2
Rebecca Hawkins,39742165,20,50,11,47,78,78,3.21,264,66.0,6.6
Raymond Hansen,64277800,20,75,36,5,80,21,4.5,217,54.25,5.42
Ryan Young,42655866,22,14,3,67,29,75,2.32,188,47.0,4.7
Raymond Wells,51098277,20,44,49,54,53,8,0.43,208,52.0,5.2
Kelly Bradley,99115205,21,45,6,29,30,13,3.66,123,30.75,3.08
Tammy Sandoval,88055069,20,58,20,61,73,14,4.59,226,56.49999999999999,5.65
Dr. Elizabeth Peterson,59529086,22,79,73,48,19,28,4.61,247,61.75000000000001,6.18
Charles Allen,73519947,21,12,27,44,54,76,3.84,213,53.25,5.33
Amy Cannon,84285882,21,38,28,75,39,78,1.0,258,64.5,6.45
Sean Lin,81259135,20,78,28,73,77,28,1.64,284,71.0,7.1
James Randall,56138336,20,75,26,12,18,8,1.59,139,34.75,3.48
Eric Santos,67110154,22,10,34,54,57,25,4.98,180,45.0,4.5
James Carr,83871890,21,17,52,17,69,54,2.43,209,52.25,5.22
Jesse Hicks,54398056,20,40,65,32,16,43,3.51,196,49.0,4.9
Samuel Smith,57219209,22,15,2,61,26,51,2.38,155,38.75,3.88
Haley Townsend,70900658,22,30,1,29,17,41,1.39,118,29.5,2.95
Barry Monroe,46361787,20,39,60,10,74,15,0.19,198,49.5,4.95
Theresa Morgan,51154241,22,14,16,36,69,73,0.78,208,52.0,5.2
Joseph Flores,43742830,21,23,22,76,25,69,2.35,215,53.75,5.38
Kara Wang,40942292,20,47,76,69,17,17,3.2,226,56.49999999999999,5.65
Toni Michael,26194158,21,18,1,52,39,41,1.6,151,37.75,3.77
Beverly Lynch,35848226,20,65,28,32,67,27,0.16,219,54.75,5.47
Megan Love,52352128,22,49,32,24,17,5,3.01,127,31.75,3.17
Cheryl Sanchez,26046365,22,53,77,0,55,75,1.9,260,65.0,6.5
Julie Gilbert,81922443,21,76,39,0,21,22,4.68,158,39.5,3.95
Charles Campbell,34850391,20,17,35,73,72,42,1.81,239,59.75,5.97
David Holmes,35708194,22,73,54,66,20,8,2.15,221,55.25,5.53
Gloria Rowe,39042654,20,49,48,15,40,15,2.37,167,41.75,4.17
Jennifer Taylor,74988034,22,54,44,66,8,35,0.27,207,51.74999999999999,5.17
Steven Nelson,47111151,20,23,58,0,71,18,4.34,170,42.5,4.25
Randall Melton,89133014,20,62,32,48,68,53,4.76,263,65.75,6.58
Zachary Taylor,80415568,20,68,0,26,15,21,3.42,130,32.5,3.25
Dalton Brown,90099897,20,22,59,40,23,47,1.35,191,47.75,4.78
Kristen Brooks,47983442,20,71,38,52,40,70,3.18,271,67.75,6.78
Clayton Mitchell,23492385,21,21,66,17,18,21,0.42,143,35.75,3.58
Travis Brown,36054020,20,62,79,13,3,56,0.35,213,53.25,5.33
Jasmine Singh,49761527,22,36,50,19,40,31,2.03,176,44.0,4.4
Katie Bond,40532273,22,17,74,54,52,74,1.49,271,67.75,6.78
Douglas Diaz,58436637,22,23,13,74,52,5,3.56,167,41.75,4.17
Paul Butler,34084236,20,40,7,32,38,17,4.36,134,33.5,3.35
David Garcia,50569669,21,57,65,33,56,12,2.62,223,55.75,5.58
Timothy Hill,11898961,21,79,47,68,35,80,3.35,309,77.25,7.72
Edwin Gonzalez,81690398,20,6,71,54,19,78,1.3,228,56.99999999999999,5.7
Taylor Holland,26989677,20,45,76,72,24,48,4.15,265,66.25,6.62
Mark Wells,46817443,20,1,77,46,13,20,0.46,157,39.25,3.92
Nathan Snow,16109013,20,62,36,78,17,2,4.51,195,48.75,4.88
Rose Patel,17318358,20,17,38,35,23,62,1.71,175,43.75,4.38
Tiffany Rice,84270583,22,24,13,50,3,10,3.77,100,25.0,2.5
Sharon Campbell,49209916,20,49,61,26,78,0,0.82,214,53.5,5.35
Joshua Ibarra,26948946,21,71,8,52,78,0,1.75,209,52.25,5.22
Natalie Moss DDS,95613415,21,64,43,70,34,22,2.1,233,58.25,5.83
Cameron Moreno,75884623,21,63,35,71,77,11,2.38,257,64.25,6.42
Danielle Hunter,23769080,22,52,41,61,72,75,3.44,301,75.25,7.53
Amanda Adkins,11646234,21,62,35,10,78,36,0.8,221,55.25,5.53
Miss Kathleen Wells DDS,87049595,22,53,33,47,29,53,3.48,215,53.75,5.38
Cindy Barnes,48163378,20,56,38,71,76,60,1.77,301,75.25,7.53
Jessica Goodman,73001391,20,62,24,71,29,16,3.46,202,50.5,5.05
Brett Weiss,74251933,21,21,19,61,29,26,1.95,156,39.0,3.9
Gregory Little,69118721,21,10,66,32,3,18,0.05,129,32.25,3.23
Charles Horne,55728776,21,72,30,39,45,34,3.92,220,55.00000000000001,5.5
Glenda Ferguson,34744872,22,3,7,73,10,66,2.99,159,39.75,3.98
Elizabeth Wilson,16895666,20,28,76,44,61,57,0.39,266,66.5,6.65
Lori Camacho,43887075,21,37,51,50,17,52,3.34,207,51.74999999999999,5.17
Jacqueline Miller,74119726,20,4,40,17,64,30,3.08,155,38.75,3.88
Daniel Hodges,25312516,21,35,17,15,77,22,1.62,166,41.5,4.15
Paul Moore,18770247,20,28,3,29,60,78,4.93,198,49.5,4.95
Charles Gonzales,63782042,22,68,63,57,47,4,4.69,239,59.75,5.97
Nicholas Woods,76001106,20,36,37,20,23,76,3.71,192,48.0,4.8
Tyler Johnson,19943140,22,21,33,12,49,23,3.68,138,34.5,3.45
Audrey Juarez,87446468,21,58,53,27,62,63,1.58,263,65.75,6.58
Sandra Barry,94482772,20,72,51,65,60,78,0.75,326,81.5,8.15
Michael Miller,17195288,20,63,49,51,17,11,2.29,191,47.75,4.78
Daniel Riley,30364454,20,70,4,43,20,80,0.74,217,54.25,5.42
Jeffrey Booker,30024960,20,65,74,70,24,38,4.32,271,67.75,6.78
Gregory Payne,85543051,20,14,73,78,28,44,0.57,237,59.25,5.92
Diana Joseph,50780112,20,73,24,6,4,53,4.85,160,40.0,4.0
Amy Mullins,21432787,21,14,43,20,52,0,2.03,129,32.25,3.23
Ashley Perez,43311626,20,34,28,30,1,71,2.6,164,41.0,4.1
Thomas Powell,25898299,21,69,68,0,34,30,0.02,201,50.24999999999999,5.02
Daniel Adams,84903294,21,46,60,11,52,24,2.25,193,48.25,4.83
Paul Brown,65857931,22,69,21,18,28,15,4.16,151,37.75,3.77
Deborah Johnson,91378577,22,5,64,60,25,67,0.63,221,55.25,5.53
Nathaniel Andrews,90010790,20,56,38,76,26,12,2.25,208,52.0,5.2
Kevin Williams,93002706,20,69,21,55,8,79,4.85,232,57.99999999999999,5.8
Maurice Lam,40291214,21,27,71,11,22,46,0.49,177,44.25,4.42
Shannon Arnold,80138498,20,54,23,8,56,69,1.09,210,52.5,5.25
Jaclyn Combs,61053474,20,13,37,33,78,64,4.9,225,56.25,5.62
James Barry,70467027,20,31,12,28,62,28,2.1,161,40.25,4.03
Susan Brady,69421007,20,38,60,47,41,59,2.73,245,61.25000000000001,6.13
Melissa Carr,49910061,20,4,16,10,58,80,0.83,168,42.0,4.2
Joseph Miller,88990506,20,57,33,77,31,26,1.89,224,56.00000000000001,5.6
Donna Montgomery,67556566,20,33,71,4,54,35,1.74,197,49.25,4.92
David Fisher,50987442,21,44,23,49,51,6,4.76,173,43.25,4.33
Tyler Porter,86320155,20,11,42,51,5,24,4.86,133,33.25,3.33
Brian Michael,93352876,22,56,11,78,77,14,2.88,236,59.0,5.9
Kevin Le,18083974,20,15,28,66,48,19,0.07,176,44.0,4.4
Chelsea Lloyd,91823275,20,30,45,36,40,60,4.07,211,52.75,5.28
David Rodriguez,23318904,21,7,28,76,50,63,0.08,224,56.00000000000001,5.6
Marcus Vega,37888820,20,75,39,7,78,22,4.48,221,55.25,5.53
Michael Park,93955206,22,44,53,22,73,20,2.51,212,53.0,5.3
Tony Smith,38323322,20,78,42,63,76,5,4.34,264,66.0,6.6
Stephen Santos,45520201,20,80,47,56,5,6,3.5,194,48.5,4.85
Nancy Martinez,98641164,20,54,33,1,67,46,3.24,201,50.24999999999999,5.02
Stephanie White,20896797,20,21,74,25,4,36,2.28,160,40.0,4.0
Scott Scott,31079846,20,78,37,66,66,26,2.05,273,68.25,6.83
Julie Salazar,42194159,22,17,59,9,13,55,1.76,153,38.25,3.83
Kimberly Reed,33328859,20,26,15,24,57,32,2.71,154,38.5,3.85
Sarah Reed,84087145,22,26,60,10,58,42,2.62,196,49.0,4.9
Ronald Potter,20075036,20,7,6,76,5,78,3.83,172,43.0,4.3
Jackson Harris,31009452,20,8,74,65,31,58,0.57,236,59.0,5.9
Mrs. Kathleen Henderson PhD,10359129,20,44,74,66,66,5,0.88,255,63.74999999999999,6.37
Brad Perez,64830300,20,68,79,29,68,13,2.14,257,64.25,6.42
Stephanie Lewis,70465583,22,35,9,78,50,6,0.88,178,44.5,4.45
Douglas Donovan,89699989,21,76,60,21,5,68,2.97,230,57.49999999999999,5.75
Daniel Wilson,73070585,20,68,24,4,71,22,2.71,189,47.25,4.72
Jessica Gutierrez,49092160,20,21,64,46,49,20,1.91,200,50.0,5.0
George Bailey,14380847,22,41,15,30,66,3,4.23,155,38.75,3.88
Melissa Fleming,41068214,20,37,48,0,80,62,3.44,227,56.75,5.67
Gregory Curtis,48668783,22,37,67,25,6,65,2.19,200,50.0,5.0
Monica Gonzales,47945817,21,73,38,11,24,14,1.42,160,40.0,4.0
Casey Martinez,70939053,22,34,52,35,37,9,3.1,167,41.75,4.17
Adam Moreno,19553585,20,65,6,51,56,30,4.63,208,52.0,5.2
Jennifer Hernandez,41329612,20,12,19,45,50,56,4.28,182,45.5,4.55
Bryan Walter,45507920,21,17,17,50,38,0,4.98,122,30.5,3.05
Wesley Harrington,93893865,20,52,25,51,36,74,4.03,238,59.5,5.95
Ashlee Brown,89160218,21,7,43,75,59,41,0.52,225,56.25,5.62
Aaron Goodman,98742485,20,35,52,25,21,53,3.25,186,46.5,4.65
Mr. Brian Bauer,36550845,20,16,72,66,54,25,3.08,233,58.25,5.83
Joshua Garcia,67061186,22,16,58,1,37,41,2.06,153,38.25,3.83
Jennifer Rodriguez,25405014,20,31,18,8,78,29,2.48,164,41.0,4.1
Jessica Smith,83089925,22,18,40,11,6,14,3.76,89,22.25,2.23
Eric Ballard DDS,40173413,21,41,23,70,66,41,4.64,241,60.25,6.03
Dennis Mckenzie,96924061,20,31,10,36,18,29,0.5,124,31.0,3.1
Elizabeth Bruce,29997018,22,50,62,71,59,12,2.22,254,63.5,6.35
Andrew Gray,45652586,20,62,42,74,57,30,2.91,265,66.25,6.62
Janet Washington,29090631,22,18,80,44,11,52,0.16,205,51.24999999999999,5.12
Aaron Nelson,19584466,20,73,22,44,64,25,1.45,228,56.99999999999999,5.7
Michael White,18004482,22,80,40,35,14,48,2.1,217,54.25,5.42
Brian Williams,32269779,22,34,7,28,23,28,1.11,120,30.0,3.0
Derek Petersen,51286958,20,80,0,77,74,9,2.27,240,60.0,6.0
John Hernandez,89865458,20,53,57,24,69,60,1.91,263,65.75,6.58
Paul Nguyen,86397676,20,48,35,58,9,74,0.98,224,56.00000000000001,5.6
Justin Huff,48736657,20,57,26,51,50,62,2.35,246,61.5,6.15
Ashley Taylor MD,68942178,20,9,21,73,52,6,0.62,161,40.25,4.03
Tamara Adams,26690465,20,11,73,0,41,55,4.84,180,45.0,4.5
Sophia Patterson,72907576,20,51,20,33,57,18,4.57,179,44.75,4.47
Kerry Kent,50814428,20,65,62,22,3,27,2.06,179,44.75,4.47
Kristina Simpson,64023778,21,35,11,52,22,78,4.1,198,49.5,4.95
Christina Ramirez,46540265,20,47,16,64,58,58,3.52,243,60.75000000000001,6.08
Kimberly Shaw,77172238,20,58,78,13,75,22,3.71,246,61.5,6.15
Kathryn Anderson,82475098,21,62,55,71,25,49,0.04,262,65.5,6.55
Austin Bolton,76276072,20,41,54,9,58,47,1.87,209,52.25,5.22
Stephanie Hopkins,68755000,22,74,51,64,11,17,1.12,217,54.25,5.42
Mr. Eric Lewis,20796722,21,0,54,37,32,58,1.42,181,45.25,4.53
Brenda Kirby,90267122,20,11,61,43,41,24,4.4,180,45.0,4.5
Jerry Harmon,15350023,20,58,49,14,20,80,1.32,221,55.25,5.53
Brianna Williams,67985905,22,45,0,65,15,45,4.19,170,42.5,4.25
Michelle Mendez,53261270,20,8,4,32,11,34,3.98,89,22.25,2.23
Trevor Munoz,91029073,21,68,68,68,20,25,2.07,249,62.25000000000001,6.23
Kathryn Fletcher,43603811,20,50,25,73,57,42,1.21,247,61.75000000000001,6.18
Thomas Adams,13471527,22,27,8,32,46,16,4.5,129,32.25,3.23
Christina Lewis,22257687,20,54,1,56,10,4,2.07,125,31.25,3.12
Jamie Riggs,40725714,21,27,41,48,67,72,0.08,255,63.74999999999999,6.37
Michael Stanley,87201917,22,63,67,72,49,7,0.77,258,64.5,6.45
Dean Best,88802305,21,34,24,61,65,35,1.87,219,54.75,5.47
Erica Barry,12784407,22,41,2,31,78,17,4.08,169,42.25,4.22
Alicia Bautista,46173157,21,36,0,43,7,14,4.1,100,25.0,2.5
Albert White,87342561,21,43,10,58,48,59,3.0,218,54.50000000000001,5.45
Steven Warren,15399803,20,70,31,58,70,58,1.68,287,71.75,7.17
Maria Miles,33513701,20,73,28,75,48,53,4.8,277,69.25,6.92
Benjamin Mathews,73149551,22,16,44,3,5,21,4.96,89,22.25,2.23
Jaclyn Martinez,79654147,22,72,39,61,21,43,1.21,236,59.0,5.9
Jennifer Mooney,97444123,22,62,16,14,42,28,4.87,162,40.5,4.05
Brianna Reyes,69355025,21,43,13,33,72,37,0.96,198,49.5,4.95
Wesley Warren,47333543,21,6,49,8,19,77,3.22,159,39.75,3.98
Nicholas Thompson,34359060,21,5,64,48,20,20,4.14,157,39.25,3.92
Patrick Bush,88561612,20,12,75,28,18,78,4.01,211,52.75,5.28
Dawn Sampson,68503492,21,80,39,29,22,21,2.89,191,47.75,4.78
Shelly Anderson,95199362,21,58,21,40,6,73,0.64,198,49.5,4.95
Donna Johnson,75998319,22,2,8,52,53,70,3.18,185,46.25,4.62
Christopher Holmes,22246348,20,15,5,45,39,29,4.89,133,33.25,3.33
Matthew Campbell,73083727,21,20,38,66,39,11,0.87,174,43.5,4.35
William Cooper,56702542,20,56,37,68,57,52,4.52,270,67.5,6.75
Megan Dickerson,64807553,22,58,58,1,36,66,2.59,219,54.75,5.47
Brandi Williams,54735895,20,0,66,33,80,62,2.19,241,60.25,6.03
Eric Johnson,53091709,20,23,76,31,23,27,0.5,180,45.0,4.5
Michele Alvarez,99943797,20,25,67,36,15,75,4.01,218,54.50000000000001,5.45
James Thompson,24039158,20,16,43,11,29,60,2.52,159,39.75,3.98
